id,screen_area,feature,user_story,expected_behaviour,source_refs,status,test_method,test_result,error_type,error_detail,fix_summary,fix_refs,retest_result
BRD01,Board,Kanban columns,"As a planner, I want tasks grouped into Scope/Todo/In Progress/Done/Backlog, so that I see workflow state at a glance.","5 columns render in fixed order with dot color, label, live count, add button; tasks grouped by status; static set so no 'no columns' case.",board-utils.ts:8-28;Board.tsx:216-229;BoardColumn.tsx:53-85,tested,code-trace of cited path:line,pass,none,,,,
BRD02,Board,Column empty state,"As a user, I want a helpful message when a column has no tasks, so that empty columns aren't confusing.",Each status shows bespoke empty copy in a dashed placeholder; but the inline Add-task button only renders for non-empty columns (empty column shows only the header +).,"BoardColumn.tsx:20-32,88-124",tested,code-trace of cited path:line,pass,none,,,,
BRD03,Board,Board loading state,"As a user, I want feedback while the board loads, so that I know it's working.",Real user expects a skeleton of the columns; today the whole board is blocked on a single bare 'Loading board…' text until both project+tasks queries resolve.,projects.$id.board.tsx:16-18,error,code-trace of cited path:line,fail,ux:states-are-features,"Whole board blocks on bare ""Loading board…"" text; no column skeleton",,,
BRD04,Board,Board error / not-found,"As a user, I want to know when the board fails to load, so that I'm not staring at a blank screen.",Error should be human and recoverable; today it renders role=alert with raw error.message and no retry; project undefined → 'Project not found.',projects.$id.board.tsx:20-30,error,code-trace of cited path:line,fail,ux:you-are-not-the-user,Load error shows raw error.message with no retry action,,,
BRD05,Board,Add task (open dialog),"As a planner, I want to add a task to a specific column, so that I capture work in the right state.",Header + and bottom Add-task both open the create dialog pre-seeded to that column.,"BoardColumn.tsx:73-124;Board.tsx:226,259-267",tested,code-trace of cited path:line,pass,none,,,,
BRD06,Board,Create task,"As a planner, I want to name a task and set status+lane, so that it lands on the board correctly.",Dialog with label/status/lane; create disabled while empty/creating; success toast+close; a real user needs an error message if create fails and jargon-free lane help — today create has no onError (silent fail) and lane copy is factory jargon.,"Board.tsx:131-142,314-411;queries.ts:146-154",retested-pass,code-trace of cited path:line,fail,ux:states-are-features,Create-task has no onError; on failure dialog silently re-enables,Global MutationCache onError fallback toast surfaces the failure (skips mutations that own onError),src/lib/query-client.ts;src/main.tsx,"pass (build+test green, +3 tests)"
BRD07,Board,Open task drawer,"As a user, I want to click a card to see details, so that I can read/edit it.",Card click opens a right sheet; 6px move tolerance disambiguates drag vs click; also via card … → Open.,"TaskCard.tsx:32,44-105;Board.tsx:69,238-257",tested,code-trace of cited path:line,pass,none,,,,
BRD08,Board,Drag card between columns,"As a planner, I want to drag a card to another column, so that I change status by moving it.","Pointer/keyboard drag patches status with optimistic update to tasks+canvas, success toast, rollback on error; same-column drop is a no-op; rollback is silent (no error toast).","useBoardDnd.ts:20-73;Board.tsx:85-88,201-236",tested,code-trace of cited path:line,pass,none,,,,
BRD09,Board,Change status via chip menu,"As a user, I want to click a status chip and pick a new status, so that I restage without dragging.","Chip dropdown lists all 5 statuses and patches on select; a real user expects the same instant feedback+failure signal as drag, but this path has no optimistic update and is silent on failure (inconsistent with drag).","StatusChip.tsx:51-97;TaskCard.tsx:138;TaskDrawer.tsx:143,198;Board.tsx:101-106",retested-pass,code-trace of cited path:line,fail,ux:states-are-features,Status-chip change is non-optimistic and silent on failure (inconsistent with drag),Global MutationCache onError fallback toast surfaces the failure (skips mutations that own onError),src/lib/query-client.ts;src/main.tsx,"pass (build+test green, +3 tests)"
BRD10,Board,Card … actions menu,"As a user, I want per-card actions, so that I manage a task without opening it.",Open / Move-to / Delete should be reachable by everyone; today the … trigger is hover-only (opacity-0 → group-hover) so it is invisible on touch and to keyboard users.,TaskCard.tsx:80-132,error,code-trace of cited path:line,fail,ux:hidden-affordance,Card … actions are hover-only (opacity-0→group-hover); invisible on touch/keyboard,,,
BRD11,Board,Delete task (confirmed),"As a user, I want deletion to require confirmation, so that I don't lose work accidentally.","… → Delete opens a confirm dialog (cannot be undone), success toast, closes drawer if open; needs an error message on failure — today no onError so the dialog just re-enables silently.","TaskCard.tsx:123-130;Board.tsx:108-129,420-446;queries.ts:166-174",retested-pass,code-trace of cited path:line,fail,ux:states-are-features,Delete has no onError; confirm dialog silently re-enables on failure,Global MutationCache onError fallback toast surfaces the failure (skips mutations that own onError),src/lib/query-client.ts;src/main.tsx,"pass (build+test green, +3 tests)"
BRD12,Board,Task drawer — view,"As a user, I want to read a task's full detail, so that I understand it before acting.","Read mode: status menu, shortId, share, definition list (status/lane/linked doc), read-only rich description, tag chips; linked-doc link navigates and closes drawer.",TaskDrawer.tsx:140-252,tested,code-trace of cited path:line,pass,none,,,,
BRD13,Board,Task drawer — edit,"As a user, I want to edit label/description/tags, so that I refine a task in place.",Edit toggle → editor; description re-serialized only if dirty (lossy-guard); label patched only if changed+non-empty; needs a save-failure message — today save has no error surface.,"TaskDrawer.tsx:100-136,147-260",retested-pass,code-trace of cited path:line,fail,ux:states-are-features,Drawer save has no error surface,Global MutationCache onError fallback toast surfaces the failure (skips mutations that own onError),src/lib/query-client.ts;src/main.tsx,"pass (build+test green, +3 tests)"
BRD14,Board,Add / remove tags,"As a user, I want to tag tasks, so that I categorize and filter them.",Datalist-suggested add + per-chip remove; server uses full-set replace; needs failure feedback — today silent on failure.,TaskDrawer.tsx:243-351;Board.tsx:145-162,retested-pass,code-trace of cited path:line,fail,ux:states-are-features,Tag add/remove silent on failure,Global MutationCache onError fallback toast surfaces the failure (skips mutations that own onError),src/lib/query-client.ts;src/main.tsx,"pass (build+test green, +3 tests)"
BRD15,Board,Tag filter bar,"As a planner, I want to filter the board by tag, so that I focus on a subset.","Bar renders only when project has tags; toggle buttons (aria-pressed) with OR semantics, Clear-filter when active; client-side over loaded tasks.","Board.tsx:68,73-99,173-304;board-utils.ts:45-54",tested,code-trace of cited path:line,pass,none,,,,
BRD16,Board,Linked-doc indicator,"As a user, I want to see which tasks have a spec doc, so that I jump to context.",FileText icon (aria-labeled) on cards whose id is a document linked_task; drawer shows a clickable linked-doc row.,"TaskCard.tsx:144-146;TaskDrawer.tsx:206-221;Board.tsx:65-66,448-486",tested,code-trace of cited path:line,pass,none,,,,
BRD17,Board,Lane display,"As a supervisor, I want to see a task's factory lane, so that I know its review gate.",Lane derived from a lane: tag shown uppercase on card+drawer; a real user needs an in-drawer lane editor and plain-language meaning — today it is set only at create and the auto/approve/full labels are unexplained jargon.,"TaskCard.tsx:35,139-143;TaskDrawer.tsx:117,200-205;board-utils.ts:30-41",error,code-trace of cited path:line,fail,ux:you-are-not-the-user,Lane labels auto/approve/full are unexplained jargon; no in-drawer editor,,,
BRD18,Board,Short task id,"As a user, I want a compact id on each card, so that I can reference the task.",Last 4 chars of the UUID uppercased in mono; a real user cannot tell what it means or that it may not be unique — needs a tooltip/label.,"TaskCard.tsx:147,197-199;TaskDrawer.tsx:144,354-356",error,code-trace of cited path:line,fail,ux:you-are-not-the-user,shortId (4 UUID chars) has no label/tooltip; meaning+uniqueness unclear,,,
CNV01,Canvas/Flow,Flow page shell,"As a planner, I want the flow route to show the canvas beside an agent-activity rail, so that I see structure and agent work together.",Loading 'Loading project…'; error alert; 'Project not found.'; success renders FlowCanvas + 300px agents panel; no role gating (anyone who loads can edit).,routes/projects.$id.flow.tsx:8-36,tested,code-trace of cited path:line,pass,none,,,,
CNV02,Canvas/Flow,Canvas graph render,"As a planner, I want tasks and edges drawn as a node graph, so that I see the plan spatially.",Load/error/not-found states present; ReactFlow with dotted bg + fitView; BUT a project with zero tasks shows only the dot grid with no 'add your first task' guidance.,"FlowCanvas.tsx:176-196,327-411;canvas-map.ts:42-70",error,code-trace of cited path:line,fail,ux:states-are-features,"Empty canvas shows only a dot grid, no add-first-task guidance",,,
CNV03,Canvas/Flow,Add task (canvas panel),"As a planner, I want to type a name and add a task, so that a new node appears.",Top-left form; empty blocked; new task placed at viewport center; a real user needs the new node to be visible and a failure message — today create has no onError and the node can land off-screen depending on pan/zoom.,FlowCanvas.tsx:51-111;queries.ts:146-154,retested-pass,code-trace of cited path:line,fail,ux:states-are-features,Add-task has no onError; new node can land off-screen,Global MutationCache onError fallback toast surfaces the failure (skips mutations that own onError),src/lib/query-client.ts;src/main.tsx,"pass (build+test green, +3 tests)"
CNV04,Canvas/Flow,Rename task inline (node),"As a planner, I want to click a node title to rename, so that I relabel quickly.","Click title → input; Enter/blur commits, Escape reverts; empty/unchanged reverts; needs a failure signal — today patch has no error state.","TaskNode.tsx:24-90,203-211;queries.ts:156-164",retested-pass,code-trace of cited path:line,fail,ux:states-are-features,Inline rename patch silent on failure,Global MutationCache onError fallback toast surfaces the failure (skips mutations that own onError),src/lib/query-client.ts;src/main.tsx,"pass (build+test green, +3 tests)"
CNV05,Canvas/Flow,Change status (node menu),"As a planner, I want to change status from a node, so that the board reflects progress.",StatusMenu chip optimistically updates + patches; needs failure feedback — silent on error.,"TaskNode.tsx:103-111,212-219",retested-pass,code-trace of cited path:line,fail,ux:states-are-features,Node status change silent on failure,Global MutationCache onError fallback toast surfaces the failure (skips mutations that own onError),src/lib/query-client.ts;src/main.tsx,"pass (build+test green, +3 tests)"
CNV06,Canvas/Flow,Delete task (node X),"As a planner, I want to delete a task from its node, so that I can prune the plan.",X → confirm('Delete this task? Connected edges will be removed.'); confirmed destructive; needs a failure signal — delete has no error state.,"TaskNode.tsx:42-101,220-229;queries.ts:166-174",retested-pass,code-trace of cited path:line,fail,ux:states-are-features,Node delete silent on failure,Global MutationCache onError fallback toast surfaces the failure (skips mutations that own onError),src/lib/query-client.ts;src/main.tsx,"pass (build+test green, +3 tests)"
CNV07,Canvas/Flow,Open linked doc (node),"As a planner, I want a Doc link on tasks with a spec, so that I jump to it.",Link appears only when a linked doc resolves; routes to the doc; tasks with no doc show nothing and offer no way to create/link a doc from the canvas.,TaskNode.tsx:112-116;OpenDocLink.tsx:9-24;canvas-map.ts:26-40,tested,code-trace of cited path:line,pass,none,,,,
CNV08,Canvas/Flow,Create edge (drag handle),"As a planner, I want to drag node→node to declare a dependency, so that I build the graph visually.",Drag between handles adds an edge and saves; but every hand-drawn edge is hard-coded 'depends_on' with no UI to choose/edit the label; handles are a hidden affordance; no per-edge error surface.,"FlowCanvas.tsx:236-252,400;api.ts:14;canvas-map.ts:82-92",error,code-trace of cited path:line,fail,ux:you-are-not-the-user,Hand-drawn edges hard-coded depends_on; no UI to choose/edit label,,,
CNV09,Canvas/Flow,Edge label display/edit,"As a planner, I want each edge to show its relationship, so that I understand the dependency.",LabeledEdge shows a pill label; a real user needs to set/change it (blocks/feeds/enables) but the UI is read-only and the vocabulary is snake_case jargon.,LabeledEdge.tsx:10-46;canvas-map.ts:62-69,error,code-trace of cited path:line,fail,ux:hidden-affordance,Edge label read-only; richer labels unreachable; snake_case jargon,,,
CNV10,Canvas/Flow,Delete edge,"As a planner, I want to delete a dependency edge, so that I correct the graph.",Select edge → top 'Delete edge' button or Delete/Backspace (suppressed in inputs) → confirm; confirmed destructive; selection cleared.,"FlowCanvas.tsx:283-322,358-370;queries.ts:442-450",tested,code-trace of cited path:line,pass,none,,,,
CNV11,Canvas/Flow,Move node (persist),"As a planner, I want to drag nodes and have positions saved, so that my arrangement sticks.",Drag → 400ms-debounced putCanvas persists positions+edges; 'Saving…' pill + 'Save failed' alert on error (good).,"FlowCanvas.tsx:254-256,401;useCanvasSync.ts:6,39-51",tested,code-trace of cited path:line,pass,none,,,,
CNV12,Canvas/Flow,Auto layout,"As a planner, I want a one-click tidy layout, so that a messy graph becomes readable.","Dagre layout + grid-pack isolated nodes + fitView, saved immediately; but it overwrites all manual positions with no confirm and no undo.","FlowCanvas.tsx:113-131,258-264;layout.ts:15-88",retested-pass,code-trace of cited path:line,fail,ux:change-feels-like-loss,"Auto-layout overwrites all manual positions, no confirm, no undo",Auto-layout now behind a ConfirmDialog (warns manual arrangement is replaced),components/canvas/FlowCanvas.tsx,"pass (build+test green, +3 tests)"
CNV13,Canvas/Flow,Zoom / fit controls,"As a planner, I want zoom and fit controls, so that I navigate large graphs.",Bottom-left zoom-in/out/fit buttons + standard pan/scroll.,"FlowCanvas.tsx:133-174,410",tested,code-trace of cited path:line,pass,none,,,,
CNV14,Canvas/Flow,Select node → detail panel,"As a planner, I want clicking a node to open a detail panel, so that I edit full fields.",Selection opens right TaskDetail (status/assignee/due/doc/description/comments); Edit toggle; Save disabled while saving; close deselects.,"FlowCanvas.tsx:266-270,324-393;TaskDetail.tsx:34-150",tested,code-trace of cited path:line,pass,none,,,,
CNV15,Canvas/Flow,Edit task details,"As a planner, I want to edit label/assignee/due/description, so that the spec is complete.","Edit exposes fields + rich description (re-serialized only if dirty, lossless otherwise); needs a save-failure signal — no error state.","TaskDetail.tsx:46-96,152-247",retested-pass,code-trace of cited path:line,fail,ux:states-are-features,Detail edit save silent on failure,Global MutationCache onError fallback toast surfaces the failure (skips mutations that own onError),src/lib/query-client.ts;src/main.tsx,"pass (build+test green, +3 tests)"
CNV16,Canvas/Flow,Task tags on canvas,"As a planner, I want to tag tasks on the canvas, so that I categorize them anywhere.","TaskDetail supports tags but FlowCanvas doesn't pass the tag handlers, so the entire Tags section is absent on the canvas — a feature that exists but is unreachable here.","TaskDetail.tsx:95-96,249-316;FlowCanvas.tsx:371-393",error,code-trace of cited path:line,fail,ux:hidden-affordance,Task tags exist in TaskDetail but unreachable on canvas (handlers not passed),,,
CNV17,Canvas/Flow,Comment on task/passage,"As a planner, I want to comment on a task or a highlighted passage, so that I leave feedback.",CommentsPanel embedded in detail; selecting a passage stages it for the next comment.,"TaskDetail.tsx:51,235-247,318-325",tested,code-trace of cited path:line,pass,none,,,,
CNV18,Canvas/Flow,Agents activity panel,"As a planner, I want to see recent agent runs and events, so that I know what automation did.","Runs newest-first with status badge, relative time, event messages; loading/error/empty all covered; read-only.",AgentRunsPanel.tsx:62-136;queries.ts:491-497,tested,code-trace of cited path:line,pass,none,,,,
CNV19,Canvas/Flow,Keyboard delete scope,"As a planner, I want Delete/Backspace to remove what I selected, so that editing is fast.","Delete removes selected EDGES only (with confirm, suppressed in inputs); selected NODES are not keyboard-deletable (inconsistent) and the container must be focused for it to work.","FlowCanvas.tsx:304-322,340-344",error,code-trace of cited path:line,fail,ux:match-mental-model,Delete key removes edges only not nodes (inconsistent); needs container focus,,,
DOC01,Documents,Documents page shell,"As a project member, I want the documents area to load reliably, so that I trust what I see.",Project load/error/not-found gated; BUT docs/folders/tasks default to [] with their own loading/error NOT surfaced — a failed docs query looks like an empty panel.,projects.$id.documents.index.tsx:12-35,retested-pass,code-trace of cited path:line,fail,ux:states-are-features,Docs/folders default to [] with loading/error unsurfaced; failed query looks empty,Surfaced docs/folders query error instead of an empty panel,routes/projects.$id.documents.index.tsx,"pass (build+test green, +3 tests)"
DOC02,Documents,Folder breadcrumb,"As a user, I want to jump to any folder-path level, so that I don't get lost.","Root crumb + trail up to root, current level bold; trail breaks silently on a dangling folder id.","DocumentsPanel.tsx:331-344,491-524",tested,code-trace of cited path:line,pass,none,,,,
DOC03,Documents,Recent documents strip,"As a returning user, I want the 4 most-recent docs, so that I resume what changed.","Shown at root when ≥1 doc, sorted by updated_at; cards show title+status.","DocumentsPanel.tsx:356-362,550-577",tested,code-trace of cited path:line,pass,none,,,,
DOC04,Documents,Create folder,"As an organizer, I want to add a folder, so that I group docs.",Single-field dialog; success toast + invalidate; on failure NO error surfaced (no onError) — dialog just returns to idle.,"DocumentsPanel.tsx:367-377,713-722;queries.ts:326-334",retested-pass,code-trace of cited path:line,fail,ux:states-are-features,Create folder silent on failure,Global MutationCache onError fallback toast surfaces the failure (skips mutations that own onError),src/lib/query-client.ts;src/main.tsx,"pass (build+test green, +3 tests)"
DOC05,Documents,Create document (+task link),"As a user, I want to create a doc optionally linked to a task, so that specs tie to work.",Title required + optional task-link select (only if tasks exist); success toast; on failure silent; the task-link option is invisible when no tasks exist so the user can't tell linking is possible.,"DocumentsPanel.tsx:379-399,724-793;queries.ts:270-278",retested-pass,code-trace of cited path:line,fail,ux:states-are-features,Create doc silent on failure; task-link option invisible when no tasks,Global MutationCache onError fallback toast surfaces the failure (skips mutations that own onError),src/lib/query-client.ts;src/main.tsx,"pass (build+test green, +3 tests)"
DOC06,Documents,Open document,"As a reader, I want to click a doc to open it, so that I read/edit.",Doc rows + recent cards are SPA links to the doc.,"DocumentsPanel.tsx:558-573,668-674",tested,code-trace of cited path:line,pass,none,,,,
DOC07,Documents,Folder cards + counts,"As a browser, I want each folder's contents at a glance, so that I decide where to go.","Cards show name + 'N documents · M folders' (direct counts, non-recursive).",DocumentsPanel.tsx:580-614,tested,code-trace of cited path:line,pass,none,,,,
DOC08,Documents,Rename folder,"As an organizer, I want to rename a folder, so that names stay accurate.",Kebab→Rename dialog prefilled; success toast; on failure silent (no onError).,"DocumentsPanel.tsx:401-414,615-622,795-808",retested-pass,code-trace of cited path:line,fail,ux:states-are-features,Rename folder silent on failure,Global MutationCache onError fallback toast surfaces the failure (skips mutations that own onError),src/lib/query-client.ts;src/main.tsx,"pass (build+test green, +3 tests)"
DOC09,Documents,Move folder,"As an organizer, I want to move a folder under another parent, so that I restructure.",Kebab→Move; destination excludes descendants (cycle-safe); success toast; on failure silent.,"DocumentsPanel.tsx:416-430,478-484,810-822",retested-pass,code-trace of cited path:line,fail,ux:states-are-features,Move folder silent on failure,Global MutationCache onError fallback toast surfaces the failure (skips mutations that own onError),src/lib/query-client.ts;src/main.tsx,"pass (build+test green, +3 tests)"
DOC10,Documents,Move document,"As an organizer, I want to move a doc to another folder, so that filing stays right.",Kebab→Move to any folder/Root; no-op if unchanged; success toast; on failure silent.,"DocumentsPanel.tsx:432-446,824-836",retested-pass,code-trace of cited path:line,fail,ux:states-are-features,Move doc silent on failure,Global MutationCache onError fallback toast surfaces the failure (skips mutations that own onError),src/lib/query-client.ts;src/main.tsx,"pass (build+test green, +3 tests)"
DOC11,Documents,Delete folder,"As an organizer, I want to delete a folder without orphaning contents, so that nothing is lost.",Confirm dialog explains contents move up a level; success toast; on failure silent.,"DocumentsPanel.tsx:448-461,631-638,838-849",retested-pass,code-trace of cited path:line,fail,ux:states-are-features,Delete folder silent on failure,Global MutationCache onError fallback toast surfaces the failure (skips mutations that own onError),src/lib/query-client.ts;src/main.tsx,"pass (build+test green, +3 tests)"
DOC12,Documents,Delete document,"As a user, I want to delete a doc with a warning, so that I don't lose work.","Confirm dialog (doc+comments deleted, cannot be undone); success toast; on failure silent.","DocumentsPanel.tsx:463-476,698-705,850-861",retested-pass,code-trace of cited path:line,fail,ux:states-are-features,Delete doc silent on failure,Global MutationCache onError fallback toast surfaces the failure (skips mutations that own onError),src/lib/query-client.ts;src/main.tsx,"pass (build+test green, +3 tests)"
DOC13,Documents,List empty states,"As a first-time user, I want guidance when there's nothing, so that I know what to do.",Root/folder/level-specific empty messages present.,"DocumentsPanel.tsx:486,652-659",tested,code-trace of cited path:line,pass,none,,,,
DOC14,Documents,Doc row metadata,"As a scanner, I want status + linked-task at a glance, so that I gauge state fast.",Status line + linked-task chip; both hidden below sm/md breakpoints and chip vanishes if tasks not yet loaded.,"DocumentsPanel.tsx:292-298,675-688",error,code-trace of cited path:line,fail,ux:cut-the-load,Row status+linked-task hidden below sm/md; chip vanishes if tasks not loaded,,,
DOC15,Documents,Reader/Edit toggle,"As a reader, I want to read cleanly then switch to edit, so that reading isn't cluttered.",Existing docs open in Reader (read-first); new/empty doc auto-opens Edit; controls only in Edit.,projects.$id.documents.$docId.tsx:27-99;DocumentEditor.tsx:66-120,tested,code-trace of cited path:line,pass,none,,,,
DOC16,Documents,Autosave,"As a writer, I want edits saved automatically so I never lose work or hunt for a Save button.","~1s debounce, 5s maxWait, ⌘S flush, unmount + beforeunload flush; SaveStatusIndicator shows Unsaved→Saving→Saved (+error); route 'Save failed' banner; ⌘S and exit-flush are invisible affordances.",useAutosave.ts:22-125;SaveStatusIndicator.tsx:5-32;queries.ts:288-298,tested,code-trace of cited path:line,pass,none,,,,
DOC17,Documents,Title & status editing,"As a writer, I want inline title + status line, so that metadata stays in the doc.",Borderless title + Status field feed autosave; empty status saved null.,DocumentEditor.tsx:66-120,tested,code-trace of cited path:line,pass,none,,,,
DOC18,Documents,Formatting toolbar,"As a writer, I want quick formatting buttons, so that I style without markdown.","Bold/Italic/H2/List/Table/Image with aria-pressed; toolbar uses hardcoded hex, ignoring theme tokens/dark mode.",RichTextEditor.tsx:679-758,error,code-trace of cited path:line,fail,ux:consistency,Formatting toolbar hardcoded hex; ignores theme tokens/dark mode,,,
DOC19,Documents,Slash / command menu,"As a Notion-familiar writer, I want a / menu to insert blocks, so that I stay on the keyboard.",/ opens a filterable block menu with keyboard nav + 'No results'; but nothing on screen hints that / exists — pure tacit discovery.,editor-extensions.tsx:19-134;EditorSuggestion.tsx:28-207,retested-pass,code-trace of cited path:line,fail,ux:hidden-affordance,No on-screen hint that / opens the block menu,Editor placeholder hints '/ for blocks and [[ to link a doc',components/editor/RichTextEditor.tsx,"pass (build+test green, +3 tests)"
DOC20,Documents,[[ document links,"As a writer, I want to link project docs by typing [[, so that specs cross-reference.","[[ suggests up to 12 docs, inserts an in-app link, reader intercepts clicks for SPA nav; no on-screen hint that [[ exists.",editor-extensions.tsx:136-175;RichTextEditor.tsx:544-553,retested-pass,code-trace of cited path:line,fail,ux:hidden-affordance,No on-screen hint that [[ inserts a doc link,Editor placeholder hints '/ for blocks and [[ to link a doc',components/editor/RichTextEditor.tsx,"pass (build+test green, +3 tests)"
DOC21,Documents,Image upload,"As a writer, I want to drop/paste images, so that specs carry visuals.",Paste/drop/button upload to a hosted file URL; on upload failure it silently falls back to an inline base64 data URL — the user is never told it wasn't hosted.,"RichTextEditor.tsx:179-203,367-375;image-upload.ts:18-37",error,code-trace of cited path:line,fail,ux:states-are-features,Image upload failure silently falls back to base64; user not told,,,
DOC22,Documents,Image annotation,"As a reviewer, I want to annotate/redact images inline, so that I point at things and hide secrets.","Hover→Annotate; arrow/box/text/blur tools; blur baked destructively (safe on secrets); overlays re-editable; annotate only appears on hover and blur permanence is explained only in code, not UI.",AnnotatableImage.tsx:42-513,error,code-trace of cited path:line,fail,ux:hidden-affordance,Annotate only on hover; blur permanence not explained in UI,,,
DOC23,Documents,Comment on selection,"As a reviewer, I want to highlight text and comment on that passage, so that feedback is anchored.",Select text → floating 'Add comment' → anchored composer; ⌘Enter submits; success toast.,"RichTextEditor.tsx:288-356,587-671",tested,code-trace of cited path:line,pass,none,,,,
DOC24,Documents,Comments rail,"As a collaborator, I want an open/resolved comments panel, so that I track feedback with a teammate/agent.",Loading/error/empty states; rich composer + attach-selection; per-comment resolve/reopen/delete (confirm); show-resolved collapsible.,CommentsPanel.tsx:114-351,tested,code-trace of cited path:line,pass,none,,,,
INB01,Inbox,Inbox page load gate,"As an owner/member triaging, I want the project resolved before triage UI, so that I don't act on stale data.","Loading/error/not-found gated, then FileIssue + InboxPanel + AgentRuns.",projects.$id.inbox.tsx:11-35,tested,code-trace of cited path:line,pass,none,,,,
INB02,Inbox,File an issue,"As a member triaging, I want to hand-file an issue into the backlog, so that internal items enter the pipeline.","Expandable form (title req, desc, severity) creates a backlog task; success clears+collapses+toast; error alert; heading and button both say 'File an issue' (duplicate).",FileIssue.tsx:32-177,error,code-trace of cited path:line,fail,ux:consistency,"Heading and button both say ""File an issue"" (duplicate)",,,
INB03,Inbox,Pending submissions list,"As an owner, I want to see all pending client submissions, so that I act on incoming feedback.",Count badge; loading/error/empty ('no share configured or nothing new'); rows show title/severity/participant/excerpt.,InboxPanel.tsx:97-245,tested,code-trace of cited path:line,pass,none,,,,
INB04,Inbox,Approve submission,"As an owner, I want to accept a submission, so that it becomes tracked work.",Approve → triage accept; disabled while pending (no loading label); success toast; inline error on failure.,InboxPanel.tsx:128-147,error,code-trace of cited path:line,fail,ux:states-are-features,Approve button has no loading label (only disabled),,,
INB05,Inbox,Reject submission,"As an owner, I want to reject a submission, so that spam is cleared.",Reject fires immediately on a single click with no confirmation — a destructive action that should confirm; success toast.,InboxPanel.tsx:148-161,retested-pass,code-trace of cited path:line,fail,ux:change-feels-like-loss,Reject fires on single click with no confirmation (destructive),Reject now behind a ConfirmDialog,components/inbox/InboxPanel.tsx,"pass (build+test green, +3 tests)"
INB06,Inbox,Merge submission into task,"As an owner, I want to fold a duplicate into an existing task, so that I avoid duplicate work.",Requires typing a raw task id into a free-text field (no picker/search) then Merge; success toast — opaque id entry.,InboxPanel.tsx:162-188,error,code-trace of cited path:line,fail,ux:hidden-affordance,Merge requires typing a raw task id; no picker/search,,,
INB07,Inbox,Submission comments,"As an owner, I want to discuss a submission inline, so that triage context is captured.",Toggle embedded CommentsPanel; label shows open-comment count.,"InboxPanel.tsx:105-109,191-209",tested,code-trace of cited path:line,pass,none,,,,
INB08,Inbox,Backlog release to scope,"As an owner, I want to release a backlog task to scope, so that it enters design/sizing.",Backlog list w/ loading/error/empty; 'Release to scope' patches status; success toast — 'Release to scope' is factory jargon.,InboxPanel.tsx:247-302,error,code-trace of cited path:line,fail,ux:you-are-not-the-user,"""Release to scope"" is factory jargon",,,
INB09,Inbox,Curator proposals,"As an owner, I want to see Curator-proposed scope tasks, so that I know what AI suggested.","Filters scope tasks with 'Provenance:'; 'Looks good' button is a local-only no-op (not persisted, lost on reload) and the copy admits real approval happens on the Board — a dead affordance + heavy jargon.","InboxPanel.tsx:304-363,36-42",retested-pass,code-trace of cited path:line,fail,logic,"""Looks good"" is a local-only no-op (not persisted, lost on reload); heavy jargon",Removed local-only no-op 'Looks good' button; note now links to the Board,components/inbox/InboxPanel.tsx,"pass (build+test green, +3 tests)"
POR01,Portal,Portal route session gate,"As an external guest, I want a share link to resolve my session, so that I reach the right screen.",localStorage session; no session/401→JoinGate; loading; 404→'Not published yet'; error alert; undefined→'not found'; invalid session auto-clears.,"p.$shareToken.tsx:15-92;portal.ts:112-131,207-233",tested,code-trace of cited path:line,pass,none,,,,
POR02,Portal,Guest join gate,"As a non-technical client with no account, I want to enter my name (and invited email) to view a read-only plan, so that I access it without signing up.",Fetches meta (loading); heading=audience; copy adapts invite vs public; email required+hint in invite mode; 'Joining…'; clear for a layperson.,JoinGate.tsx:20-197;portal.ts:151-165,tested,code-trace of cited path:line,pass,none,,,,
POR03,Portal,Join not-invited error,"As an invited guest, I want a clear message if my email isn't listed, so that I know why I'm blocked.",403 email_not_invited → field error under email; other errors → generic message.,"JoinGate.tsx:92-95,182-186;portal.ts:71-76",tested,code-trace of cited path:line,pass,none,,,,
POR04,Portal,Join invalid/expired link,"As a guest with a dead link, I want to be told it's unusable, so that I stop retrying.","401 → 'invalid, expired, or revoked'; fields+button disabled (terminal) — but no next-step guidance for the guest.","JoinGate.tsx:42-49,90-129,175-189",error,code-trace of cited path:line,fail,ux:design-the-end,Dead-link state disables everything with no next-step guidance,,,
POR05,Portal,Portal project view,"As a guest, I want the shared project header/progress, so that I understand status at a glance.",Name + read-only badge + audience + description; progress chips only if progress present.,PortalPage.tsx:49-82,tested,code-trace of cited path:line,pass,none,,,,
POR06,Portal,Portal board (read-only),"As a guest, I want tasks grouped by status, so that I see structure.",Columns in fixed order with counts; cards non-interactive; zero tasks shows empty columns with no dedicated empty-board message.,PortalBoard.tsx:67-103;PortalTaskCard.tsx:23-50,error,code-trace of cited path:line,fail,ux:states-are-features,Empty portal board shows empty columns with no empty-board message,,,
POR07,Portal,Portal dependencies,"As a guest, I want task relationships, so that I understand sequencing.",Rendered only if edges exist; rows 'fromLabel → toLabel (label)' — the arrow + edge label are unexplained to a layperson.,PortalPage.tsx:89-108,error,code-trace of cited path:line,fail,ux:you-are-not-the-user,Dependency rows use unexplained → arrow + edge label for a layperson,,,
POR08,Portal,Portal documents,"As a guest, I want to read shared spec docs, so that I get context.",Rendered if docs exist; title + sanitized HTML; empty body → 'No content'.,PortalPage.tsx:110-129,tested,code-trace of cited path:line,pass,none,,,,
POR09,Portal,Submit an issue (guest),"As a guest with submit permission, I want to report an issue, so that the owner gets my feedback.","Only if caps include submit; expandable form (title req, desc, severity, related-task free-text); success clears+collapses+'Reported'; 'Related task' is an opaque raw-id/ref field for a layperson.","PortalPage.tsx:37,131-145;SubmitIssue.tsx:26-243",error,code-trace of cited path:line,fail,ux:you-are-not-the-user,"""Related task"" is an opaque raw-id/ref field for a layperson",,,
POR10,Portal,Submit error/permission,"As a guest, I want clear feedback when submit fails, so that I know what to do.",401→back to gate; 429→rate-limit message; 400→field error; but 403 forbidden silently hides the whole form with no explanation.,SubmitIssue.tsx:72-99;portal.ts:235-278,error,code-trace of cited path:line,fail,ux:states-are-features,Submit 403 silently hides the whole form with no explanation,,,
POR11,Portal,My reported issues,"As a guest, I want to see my submissions and their triage status, so that I know if the owner acted.",Loading/empty/error; status badges; updates on refetch; unauthorized silently blanks the section.,SubmissionsList.tsx:54-117,tested,code-trace of cited path:line,pass,none,,,,
HOM01,Home,Projects list,"As an owner, I want to see all my workspaces, so that I pick one to work in.",Loading/error/empty ('No projects yet. Create one above.'); grid of cards linking to overview.,"routes/index.tsx:11,32-99",tested,code-trace of cited path:line,pass,none,,,,
HOM02,Home,Create project,"As an owner, I want to create a project by name, so that I start planning.",Inline form; empty blocked; 'Creating…'; success clears+toast+refetch; failure red alert (good).,routes/index.tsx:15-72;queries.ts:110-118,tested,code-trace of cited path:line,pass,none,,,,
OVW01,Overview,Load project,"As a user, I want the project to load reliably, so that I see state or a clear failure.",Loading/error/not-found present.,"routes/projects.$id.overview.tsx:30,62-72",tested,code-trace of cited path:line,pass,none,,,,
OVW02,Overview,Rename project inline,"As an owner, I want to rename a project in place, so that I fix its title fast.","Pencil appears only on header hover/focus; Enter/blur commits, Escape reverts; a real user needs a discoverable trigger + failure signal — trigger is hover-only and patch failure is silent.","routes/projects.$id.overview.tsx:33,45-128;queries.ts:222-232",error,code-trace of cited path:line,fail,ux:hidden-affordance,Rename pencil hover/focus-only; patch failure silent,,,
OVW03,Overview,Delete project,"As an owner, I want to delete a project with a guard, so that I don't lose work.",ConfirmDialog names the project + 'cannot be undone'; success navigates home; on failure the dialog stays with no message (silent).,"routes/projects.$id.overview.tsx:34,129-140,265-280;queries.ts:234-242",retested-pass,code-trace of cited path:line,fail,ux:states-are-features,Delete-project failure silent; dialog stays with no message,Global MutationCache onError fallback toast surfaces the failure (skips mutations that own onError),src/lib/query-client.ts;src/main.tsx,"pass (build+test green, +3 tests)"
OVW04,Overview,Progress at a glance,"As a user, I want a status summary, so that I gauge state without opening the board.",Progress bar done/total + 5 status tiles + 'Open board' link.,"routes/projects.$id.overview.tsx:19-25,148-186",tested,code-trace of cited path:line,pass,none,,,,
OVW05,Overview,Goals summary,"As a user, I want my top goals surfaced, so that I jump to what needs attention.","Up to 5 goals incomplete-first, link to goals; empty 'No goals yet.'; BUT goals loading/error is masked as the empty state (a failed fetch looks like 'none').","routes/projects.$id.overview.tsx:31,77-80,204-223",retested-pass,code-trace of cited path:line,fail,ux:states-are-features,Goals loading/error masked as empty state,Added explicit loading + error branches; no longer masked as empty,routes/projects.$id.overview.tsx,"pass (build+test green, +3 tests)"
OVW06,Overview,Recent documents,"As a user, I want recent docs surfaced, so that I reopen them quickly.",Up to 6 docs by updated_at; empty 'No documents yet.'; docs loading/error masked as empty.,"routes/projects.$id.overview.tsx:32,82-84,233-263",retested-pass,code-trace of cited path:line,fail,ux:states-are-features,Recent-docs loading/error masked as empty state,Added explicit loading + error branches; no longer masked as empty,routes/projects.$id.overview.tsx,"pass (build+test green, +3 tests)"
GOA01,Goals,Goals list + selection,"As a user, I want to browse and open goals, so that I inspect/manage them.",Loading/error/empty; left list with status badge + acceptance indicator; default selects first goal.,"components/goals/GoalsPanel.tsx:26-82,180-221",tested,code-trace of cited path:line,pass,none,,,,
GOA02,Goals,Create goal,"As an owner, I want to define a goal (objective + optional verification), so that I hand it to agents.",Dialog: objective required; verification_surface must be valid JSON; success selects new goal+toast; server error inline; 'verification_surface' is agent jargon for a human.,"components/goals/GoalsPanel.tsx:37-70,109-178",tested,code-trace of cited path:line,pass,none,,,,
GOA03,Goals,Goal detail view,"As a user, I want to read a goal's contract, so that I understand scope + gate.","Objective/status/pretty-printed verification surface + optional fields; heavy agent jargon (gate_command, sign_off).",components/goals/GoalDetail.tsx:40-207;goal-ui.tsx:53-88,tested,code-trace of cited path:line,pass,none,,,,
GOA04,Goals,Goal cycle tasks,"As a user, I want to see the goal's tasks, so that I know why it can/can't complete.",Read-only list w/ disabled chips; empty 'No cycle tasks.'; 'Edit tasks on Board' link.,components/goals/GoalDetail.tsx:209-235,tested,code-trace of cited path:line,pass,none,,,,
GOA05,Goals,Pause / Resume goal,"As an owner, I want to pause/resume a goal, so that agents stop/continue.","Pause only when active, Resume only when paused; disabled while pending; success toast; mapped error text (good).","components/goals/GoalDetail.tsx:109-110,240-279;queries.ts:569-587",tested,code-trace of cited path:line,pass,none,,,,
GOA06,Goals,Complete goal (sign-off/mark/gate),"As an owner, I want to complete a goal appropriately for its surface, so that it closes with evidence.",human_sign_off → approver dialog; null surface → mark-complete confirm; gate/checklist surfaces show NO complete button and no in-UI hint that completion is runner-only.,"components/goals/GoalDetail.tsx:117-156,280-374",error,code-trace of cited path:line,fail,ux:hidden-affordance,gate/checklist goals show no complete button and no hint completion is runner-only,,,
NAV01,Layout,Sidebar workspace switcher,"As a user, I want to switch workspace, so that I move between orgs.","Renders a badge + name + double-chevron that IMPLIES a dropdown, but it's a plain div with no handler — the affordance is dead and switches nothing.",components/layout/Sidebar.tsx:133-147,retested-pass,code-trace of cited path:line,fail,logic,Sidebar workspace switcher shows a dropdown chevron but is a plain div with no handler — dead control,Sidebar .ws is now a Link to / ; misleading dropdown chevron removed,components/layout/Sidebar.tsx;components/layout/shell.css,"pass (build+test green, +3 tests)"
NAV02,Layout,Sidebar project nav,"As a user, I want section nav, so that I move around a project.",Projects link when none selected; project name (or '…' while loading) + Plan/Workspace groups; active route highlighted.,"components/layout/Sidebar.tsx:14-124,148-162",tested,code-trace of cited path:line,pass,none,,,,
NAV03,Layout,Sidebar search + settings,"As a user, I want quick command/search + settings, so that I jump anywhere.",'Search…' with ⌘K opens command menu; gear links to /settings/members.,"components/layout/Sidebar.tsx:129,163-182",tested,code-trace of cited path:line,pass,none,,,,
NAV04,Layout,Breadcrumb,"As a user, I want to know where I am, so that I keep context.",project name + view label; while project loads the name renders empty (no placeholder).,routes/__root.tsx:9-69,error,code-trace of cited path:line,fail,ux:states-are-features,Breadcrumb project name renders empty while loading (no placeholder),,,
NAV05,Layout,Command menu open+search,"As a user, I want a keyboard palette, so that I act without the mouse.",⌘K opens globally; filter; 'No results found.',components/layout/CommandMenu.tsx:63-96,tested,code-trace of cited path:line,pass,none,,,,
NAV06,Layout,Command menu navigate,"As a user, I want to jump between project views, so that I move fast.",Navigate group lists views but OMITS Documents (sidebar has it) — an inconsistency.,components/layout/CommandMenu.tsx:54-114,error,code-trace of cited path:line,fail,ux:consistency,Command-menu Navigate omits Documents though sidebar lists it,,,
NAV07,Layout,Command menu projects+settings,"As a user, I want to switch projects/settings from the palette, so that I don't hunt.",All-projects + each project + Members/MCP; no loading/empty affordance inside the palette.,"components/layout/CommandMenu.tsx:68,116-161",tested,code-trace of cited path:line,pass,none,,,,
ACC01,Account,Org display + role,"As a member/admin/owner, I want to see my active org + role, so that I know my context.",Switcher when >1 org (current disabled+✓); plain text when 1; role badge display-only; nothing when no session.,components/auth/AccountMenu.tsx:23-64;api.ts:707-715,tested,code-trace of cited path:line,pass,none,,,,
ACC02,Account,Switch organization,"As a multi-org user, I want to switch active org, so that I work in the right one.",setActiveOrganization then invalidate all queries; current/pending disabled; on failure NO error surfaced (silent).,components/auth/AccountMenu.tsx:32-59;auth.ts:52-60,retested-pass,code-trace of cited path:line,fail,ux:states-are-features,Org-switch failure not surfaced,Global MutationCache onError fallback toast surfaces the failure (skips mutations that own onError),src/lib/query-client.ts;src/main.tsx,"pass (build+test green, +3 tests)"
ACC03,Account,Sign out,"As a browser-session user, I want to sign out, so that I end my session.",'Sign out' only when kind==='session'; success clears cookie + invalidates; on failure NO error surfaced.,components/auth/AccountMenu.tsx:64-77;auth.ts:41-50,retested-pass,code-trace of cited path:line,fail,ux:states-are-features,Logout failure not surfaced,Global MutationCache onError fallback toast surfaces the failure (skips mutations that own onError),src/lib/query-client.ts;src/main.tsx,"pass (build+test green, +3 tests)"
AUTH01,Auth,GitHub sign-in,"As a signed-out visitor, I want to sign in with GitHub, so that I reach my workspace.",Branded card; 'Continue with GitHub'→'Redirecting…'; reassurance line; on start-failure inline error; BUT if useAuthMethods fetch fails (retry:false) the card shows only a heading with no CTA and no error.,components/auth/SignInPage.tsx:15-84;auth.ts:19-39,error,code-trace of cited path:line,fail,ux:states-are-features,"If useAuthMethods fetch fails the card shows only a heading — no CTA, no error",,,
AUTH02,Auth,No-GitHub token fallback,"As a visitor on a non-GitHub instance, I want authentication guidance, so that I can still connect.",Shows instructions to mint a token + use plandesk connect; no in-UI token entry; heavy CLI jargon for a first-timer.,components/auth/SignInPage.tsx:71-80,error,code-trace of cited path:line,fail,ux:you-are-not-the-user,Token fallback is heavy CLI jargon; no in-UI token entry,,,
AUTH03,Auth,Invite claim preview,"As an invited teammate, I want to see which org/role I'm joining, so that I trust the link.",Rootless page previews 'Join {org} as {role}'; loading + not-found + already-used states present (good).,components/auth/InvitePage.tsx:30-115;routes/invite.$invitationId.tsx:1-11,tested,code-trace of cited path:line,pass,none,,,,
AUTH04,Auth,Invite claim accept,"As an invited teammate, I want to sign in and accept, so that I join the org.","Signed-out→GitHub returning to /invite/:id; signed-in→Accept→reload to /; error states 410/403/401 mapped; wrong-account (403) only surfaces at accept-time, not preview.",components/auth/InvitePage.tsx:43-151;api.ts:543-552,tested,code-trace of cited path:line,pass,none,,,,
SET01,Settings,Settings tab nav,"As a signed-in user, I want to move between Members and MCP, so that I find both.",Both routes show Members ↔ MCP/CLI-token nav with active state; no /settings index/redirect.,routes/settings.members.tsx:14-24;routes/settings.mcp.tsx:14-24,tested,code-trace of cited path:line,pass,none,,,,
SET02,Settings,Generate CLI token,"As an owner, I want to mint an org-wide CLI token, so that plandesk login works.",'Generate CLI token'→'Generating…'; success reveals one-time token + login instructions; error alert 'may need owner access' (good).,components/settings/CliToken.tsx:7-84;queries.ts:460-464,tested,code-trace of cited path:line,pass,none,,,,
SET03,Settings,Copy CLI token,"As an owner, I want to copy the token, so that I paste it into the CLI.","Copy writes to clipboard, flips to 'Copied'; clipboard rejection is unhandled (silent) and 'Copied' never reverts.","components/settings/CliToken.tsx:19-25,71-82",retested-pass,code-trace of cited path:line,fail,ux:states-are-features,"Copy token: clipboard rejection unhandled; ""Copied"" never resets",Clipboard write try/catch + error toast + 'Copied' resets after 1.5s,components/settings/CliToken.tsx,"pass (build+test green, +3 tests)"
SET04,Settings,MCP setup page,"As an owner/agent operator, I want MCP connection guidance, so that I wire an agent.","Route titled 'MCP Settings' with a subtitle promising agent connection, but the body is ONLY the CLI-token card — there is no MCP config/copy block; the promised feature effectively doesn't exist.",routes/settings.mcp.tsx:4-35,retested-pass,code-trace of cited path:line,fail,logic,MCP Settings promises agent/MCP setup but body is only the CLI-token card; no MCP config,Added 'Connect an agent (MCP)' card with copyable login/connect commands + docs link,routes/settings.mcp.tsx,"pass (build+test green, +3 tests)"
SET05,Settings,List org members,"As an owner/admin/member, I want to see the roster, so that I know who belongs.",Session loading + no-org alert; members loading/error/empty; rows show name/email/role.,components/settings/Members.tsx:18-114;queries.ts:466-472,tested,code-trace of cited path:line,pass,none,,,,
SET06,Settings,Invite teammate,"As an owner/admin, I want to create a claim link for an email+role, so that I add teammates.","Invite card only for owner/admin (member sees no card, no explanatory copy); role Member/Admin only; success reveals claim link; 403 + generic errors (good).","components/settings/Members.tsx:22,32-166;api.ts:493-527",tested,code-trace of cited path:line,pass,none,,,,
SET07,Settings,Copy invite claim link,"As an owner/admin, I want to copy the claim URL, so that I hand it to the invitee.",Copy → 'Copied' (never resets); clipboard rejection unhandled (silent).,"components/settings/Members.tsx:51-57,168-195",retested-pass,code-trace of cited path:line,fail,ux:states-are-features,"Copy invite link: clipboard rejection unhandled; ""Copied"" never resets",Clipboard write try/catch + error toast + 'Copied' resets after 1.5s,components/settings/Members.tsx,"pass (build+test green, +3 tests)"
NOT01,Notes,Browse notes,"As a project member, I want to see all working notes, so that I find scratch context I saved earlier.",Loading/error/not-found/empty ('No notes yet. Create one…') all present; cards show title + stripped preview + relative time.,routes/projects.$id.notes.index.tsx:83-207,tested,code-trace of cited path:line,pass,none,,,,
NOT02,Notes,Create note,"As a member, I want to create a titled note, so that I start capturing findings.",Dialog with title (autofocus); empty blocked; 'Creating…'; inline error on failure; success toast + navigate to new note (good).,routes/projects.$id.notes.index.tsx:62-176,tested,code-trace of cited path:line,pass,none,,,,
NOT03,Notes,Read/edit note,"As a member, I want to read a note and switch to editing, so that I revise in place.",Reader/Edit tabs; empty note auto-opens Edit; save error alert; Delete button only rendered in Edit mode (hidden affordance for a reader who wants to delete).,routes/projects.$id.notes.$noteId.tsx:27-97;components/notes/NoteEditor.tsx:53-86,error,code-trace of cited path:line,fail,ux:hidden-affordance,Delete button only rendered in Edit mode; a reader cannot delete,,,
NOT04,Notes,Autosave note,"As a member, I want edits saved automatically, so that I don't lose work or click Save.","1s debounce/5s maxWait, ⌘S + unmount + tab-close flush; status pill Saved/Unsaved/Saving/retry (good).",components/notes/NoteEditor.tsx:44-99;useAutosave.ts:22-126,tested,code-trace of cited path:line,pass,none,,,,
NOT05,Notes,Delete note,"As a member, I want to delete a note with a safeguard, so that I don't remove it by accident.","Confirm dialog (note+comments deleted, cannot be undone); busy state; success toast + navigate (good).",components/notes/NoteEditor.tsx:71-113,tested,code-trace of cited path:line,pass,none,,,,
SHR01,Share,Mint share link — task,"As an owner, I want a public read-only link to a task, so that an outside agent/person reads it as Markdown.","Share dialog; TTL 24h/7d/Never; 'Creating…'; on failure only a transient toast (no persistent/inline error, no retry); success shows URL + expiry; 'agent-ready Markdown' is jargon.",components/share/ShareButton.tsx:30-107;board/TaskDrawer.tsx:146;api.ts:296-306,error,code-trace of cited path:line,fail,ux:states-are-features,Share-create failure is a transient toast only; no persistent/inline error or retry,,,
SHR02,Share,Mint share link — document,"As an owner, I want a public read-only link to a document, so that I share a spec externally.",Same ShareButton kind=document; but Share is only visible in the doc's Edit mode — a reader can't share.,components/share/ShareButton.tsx:82-86;docs/DocumentEditor.tsx:84;api.ts:308-310,error,code-trace of cited path:line,fail,ux:hidden-affordance,Doc Share only visible in Edit mode; a reader cannot share,,,
SHR03,Share,Copy share URL,"As an owner, I want to copy the minted link, so that I paste it to a recipient.","Copy + toast + 1.5s check; read-only URL auto-selects; BUT it copies markdown_url (the .md URL) not the human-friendly result.url, which may confuse a recipient expecting a normal page.",components/share/ShareButton.tsx:57-135;api.ts:298-302,retested-pass,code-trace of cited path:line,fail,ux:match-mental-model,Copy copies markdown_url (.md) not human result.url,Copy now uses the human page URL (result.url) not the .md url,components/share/ShareButton.tsx,"pass (build+test green, +3 tests)"
CMT01,Comments,Comments rail (doc/note),"As a member, I want a comments panel beside content, so that I leave/read feedback for a teammate or agent.","Header 'Comments · N open'; loading/error/empty; open always shown, resolved collapsible; sanitized HTML bodies; wired on docs + notes.",components/docs/CommentsPanel.tsx:114-335,tested,code-trace of cited path:line,pass,none,,,,
CMT02,Comments,Add rich comment,"As a reviewer, I want a formatted comment with images, so that my feedback is clear.",Rich composer; Comment disabled unless content; success toast + clear; inline error on failure (good).,components/docs/CommentsPanel.tsx:127-266,tested,code-trace of cited path:line,pass,none,,,,
CMT03,Comments,Attach passage to comment,"As a reviewer, I want to quote the exact text, so that context is unambiguous.",'Attach selection' captures a quoted chip; if nothing is selected the button silently no-ops with no feedback telling the user to select text first.,"components/docs/CommentsPanel.tsx:42-45,150-171,218-251",error,code-trace of cited path:line,fail,ux:states-are-features,"""Attach selection"" silently no-ops when nothing selected",,,
CMT04,Comments,Inline passage comment,"As a reader, I want to select text and comment right there, so that I don't lose my place.","Selecting text surfaces a floating 'Add comment' → anchored composer with a tracking highlight; ⌘Enter submits; appears only on selection (tacit) and only on docs/notes, not the task drawer.","components/editor/RichTextEditor.tsx:304-356,453-671",tested,code-trace of cited path:line,pass,none,,,,
CMT05,Comments,Resolve / reopen comment,"As a member, I want to mark feedback resolved, so that the open count reflects outstanding work.",Per-comment resolve/reopen with pending state; success toast; resolved move to collapsible muted section (good).,"components/docs/CommentsPanel.tsx:87-96,282-334",tested,code-trace of cited path:line,pass,none,,,,
CMT06,Comments,Delete comment,"As a member, I want to delete a comment safely, so that I remove mistakes.",Confirm dialog (cannot be undone); busy state; success toast (good).,"components/docs/CommentsPanel.tsx:97-107,337-348",tested,code-trace of cited path:line,pass,none,,,,
CMT07,Comments,Task comments reachability,"As a board user, I want to comment on a task, so that I discuss it with a teammate/agent where I work.","A real user expects to comment on a task from the board; the TaskDrawer renders NO comments rail, so task comments are only reachable via the canvas detail panel or MCP — an inconsistency with docs/notes.",components/board/TaskDrawer.tsx (no CommentsPanel);canvas/TaskDetail.tsx:51,error,code-trace of cited path:line,fail,ux:consistency,Task drawer has no comments rail; task comments unreachable from board,,,
IMG01,Editor/Image,Upload / embed image,"As an author, I want to add images by button/paste/drop, so that I illustrate content.",Hosted upload to /api/v1/files with lean URL; on failure or no project it silently falls back to inline base64 (user never told it wasn't hosted); no upload progress/spinner; toolbar uses hardcoded hex (no dark-mode).,"components/editor/RichTextEditor.tsx:179-203,366-758;image-upload.ts:18-57",error,code-trace of cited path:line,fail,ux:consistency,Image upload has no progress indicator; toolbar hardcoded hex (no dark mode),,,
IMG02,Editor/Image,Annotate image,"As a reviewer, I want to draw arrows/boxes/labels on an image, so that I point precisely.",Hover→Annotate; SVG overlay + tools + color + undo + done; round-trips as re-editable JSON; Annotate only appears on hover (tacit affordance).,components/editor/AnnotatableImage.tsx:42-513,error,code-trace of cited path:line,fail,ux:hidden-affordance,Annotate only appears on hover,,,
IMG03,Editor/Image,Blur / redact region,"As a reviewer, I want to permanently blur sensitive parts before sharing, so that I don't leak data to the portal.",Blur baked into the persisted original on Done (un-redacted pixels never stored); irreversible with no confirm/warning that Done makes redaction permanent.,"components/editor/AnnotatableImage.tsx:69-110,455-466",retested-pass,code-trace of cited path:line,fail,ux:change-feels-like-loss,Blur redaction is permanent on Done with no confirm/warning,Blur redaction confirms permanence before baking,components/editor/AnnotatableImage.tsx,"pass (build+test green, +3 tests)"
